<DATE>	<OPEN>	<HIGH>	<LOW>	<CLOSE>	<TICKVOL>	<VOL>	<SPREAD>
2024.01.01	37763.9	37791.7	37762.5	37776.3	385	0	90
2024.01.02	37777.1	37863.5	37510.1	37763.1	39963	0	71
2024.01.03	37764.6	37766.7	37419.1	37473.5	43957	0	70
2024.01.04	37473.0	37734.3	37451.2	37515.3	39924	0	69
2024.01.05	37514.2	37635.9	37262.8	37474.5	46209	0	71
2024.01.07	37446.1	37480.1	37428.0	37443.7	695	0	80
2024.01.08	37443.0	37719.7	37244.0	37672.7	37415	0	73
2024.01.09	37672.2	37676.9	37386.5	37525.2	38761	0	71
2024.01.10	37526.6	37765.8	37480.6	37722.4	36721	0	69
2024.01.11	37721.4	37826.6	37415.6	37710.5	49436	0	70
2024.01.12	37709.4	37824.4	37447.6	37592.9	51729	0	71
2024.01.14	37561.8	37582.6	37532.7	37577.2	718	0	80
2024.01.15	37577.2	37641.0	37506.9	37551.7	21031	0	71
2024.01.16	37552.7	37562.6	37203.5	37368.7	51252	0	70
2024.01.17	37368.2	37379.0	37136.1	37280.3	46712	0	70
2024.01.18	37280.9	37529.1	37127.0	37482.7	45943	0	69
2024.01.19	37481.4	37950.7	37417.6	37853.5	43210	0	69
2024.01.21	37910.6	37948.0	37904.8	37918.8	781	0	79
2024.01.22	37917.3	38136.8	37897.0	38018.4	39017	0	70
2024.01.23	38018.8	38049.8	37817.6	37960.3	34692	0	69
2024.01.24	37958.3	38100.1	37800.3	37873.0	40163	0	69
2024.01.25	37873.9	38070.7	37766.1	37991.2	46439	0	70
2024.01.26	37988.8	38232.9	37910.4	38111.9	39282	0	69
2024.01.28	38081.2	38081.2	38032.1	38047.7	803	0	82
2024.01.29	38047.7	38370.7	38041.3	38319.6	29753	0	70
2024.01.30	38320.6	38542.3	38266.0	38487.8	32008	0	70
2024.01.31	38487.8	38606.3	38134.3	38193.6	47684	0	71
2024.02.01	38193.7	38557.1	38105.4	38532.5	46962	0	70
2024.02.02	38532.1	38788.8	38330.4	38674.9	43874	0	72
2024.02.04	38657.2	38688.9	38625.9	38678.2	893	0	81
2024.02.05	38676.3	38710.0	38225.5	38334.7	39544	0	73
2024.02.06	38337.1	38553.8	38289.0	38524.8	38500	0	70
2024.02.07	38526.7	38769.8	38475.7	38702.8	36484	0	71
2024.02.08	38701.4	38765.6	38546.6	38719.9	28051	0	71
2024.02.09	38719.3	38899.2	38567.5	38655.4	27500	0	70
2024.02.11	38657.9	38693.5	38650.0	38687.7	584	0	80
2024.02.12	38687.3	38949.8	38618.9	38801.6	28112	0	71
2024.02.13	38800.8	38843.7	38044.6	38272.2	47642	0	72
2024.02.14	38271.4	38473.8	38205.4	38418.7	42439	0	72
2024.02.15	38416.8	38785.8	38372.5	38751.9	36629	0	71
2024.02.16	38753.9	38824.7	38570.9	38607.6	38013	0	71
2024.02.18	38629.4	38657.5	38626.8	38645.4	841	0	79
2024.02.19	38647.8	38677.7	38572.0	38580.6	15139	0	72
2024.02.20	38583.0	38673.8	38465.8	38580.3	48314	0	72
2024.02.21	38577.9	38689.1	38345.4	38625.7	48312	0	72
2024.02.22	38628.6	39162.0	38624.3	39091.1	44431	0	73
2024.02.23	39090.1	39299.1	39043.3	39174.8	36027	0	72
2024.02.25	39149.3	39159.0	39124.2	39148.1	608	0	86
2024.02.26	39143.9	39262.8	39044.2	39086.5	32115	0	73
2024.02.27	39085.6	39132.6	38889.6	38936.8	30935	0	73
2024.02.28	38935.8	38964.9	38755.8	38861.0	32805	0	73
2024.02.29	38859.6	39072.4	38788.8	38960.6	40230	0	73
2024.03.01	38964.1	39129.8	38850.6	39103.7	33232	0	73
2024.03.03	39078.4	39093.9	39066.8	39072.6	561	0	83
2024.03.04	39073.5	39100.4	38883.0	38949.7	28513	0	73
2024.03.05	38946.3	38973.0	38464.0	38593.2	39468	0	73
2024.03.06	38593.3	38875.0	38560.5	38658.9	47071	0	72
2024.03.07	38653.9	38919.8	38523.7	38773.8	42255	0	73
2024.03.08	38779.3	38990.7	38613.2	38756.4	52258	0	72
2024.03.10	38805.2	38807.0	38723.3	38761.8	2125	0	77
2024.03.11	38773.2	38863.6	38502.5	38850.0	50747	0	73
2024.03.12	38848.0	39127.7	38671.2	39060.4	46056	0	73
2024.03.13	39059.8	39266.9	38990.3	39134.4	36059	0	71
2024.03.14	39136.0	39279.6	38722.5	38899.8	47282	0	72
2024.03.15	38903.3	39018.3	38646.5	38713.9	44731	0	73
2024.03.17	38755.7	38771.4	38724.2	38741.9	1106	0	78
2024.03.18	38740.3	38949.8	38702.5	38843.9	35951	0	72
2024.03.19	38845.8	39174.7	38735.2	39161.2	39058	0	72
2024.03.20	39159.2	39658.5	39050.6	39649.1	35804	0	72
2024.03.21	39648.2	39947.2	39633.4	39887.0	34678	0	75
2024.03.22	39883.2	39905.0	39530.4	39547.4	29603	0	74
2024.03.24	39496.4	39499.4	39461.6	39494.2	1067	0	81
2024.03.25	39496.6	39509.2	39337.5	39383.7	28120	0	73
2024.03.26	39382.9	39483.9	39320.4	39436.2	27674	0	74
2024.03.27	39433.3	39845.7	39429.2	39777.7	30622	0	74
2024.03.28	39777.8	39910.7	39764.4	39817.7	26324	0	73
2024.03.31	39890.1	40052.4	39890.1	40039.7	1541	0	81
2024.04.01	40040.7	40041.6	39404.2	39467.7	28014	0	74
2024.04.02	39470.1	39508.2	39074.5	39198.7	37067	0	75
2024.04.03	39198.1	39339.4	39051.4	39223.3	37491	0	74
2024.04.04	39225.4	39457.5	38581.9	38640.4	46517	0	74
2024.04.05	38637.4	39076.7	38575.8	38946.4	53529	0	74
2024.04.07	39022.6	39063.1	39000.1	39009.3	1072	0	81
2024.04.08	39013.3	39058.6	38844.8	38954.8	43095	0	75
2024.04.09	38955.8	39033.8	38602.1	38952.4	46104	0	74
2024.04.10	38951.4	39073.7	38328.4	38410.9	59840	0	74
2024.04.11	38415.7	38618.5	38212.3	38511.7	57122	0	74
2024.04.12	38518.6	38585.0	37881.5	37967.8	50347	0	75
2024.04.14	38008.7	38124.6	37992.1	38098.7	3093	0	79
2024.04.15	38097.7	38405.0	37679.5	37767.4	70818	0	74
2024.04.16	37769.5	38058.7	37615.0	37934.9	75705	0	75
2024.04.17	37935.9	38038.7	37624.5	37782.7	74914	0	73
2024.04.18	37783.7	38099.8	37682.8	37733.7	66482	0	73
2024.04.19	37728.8	38125.8	37245.8	38002.0	93100	0	73
2024.04.21	38091.5	38132.5	38052.5	38127.3	2293	0	79
2024.04.22	38125.3	38479.9	38007.5	38282.8	54707	0	74
2024.04.23	38282.2	38592.9	38245.4	38543.9	46644	0	74
2024.04.24	38543.3	38610.7	38331.4	38401.1	53861	0	74
2024.04.25	38402.6	38452.6	37762.4	38134.2	59041	0	73
2024.04.26	38135.6	38355.9	38064.2	38250.5	42644	0	73
2024.04.28	38322.2	38369.5	38319.6	38368.1	823	0	83
2024.04.29	38369.5	38433.8	38233.4	38387.8	35954	0	73
2024.04.30	38386.3	38417.1	37769.8	37825.8	48837	0	74
2024.05.01	37825.9	38375.3	37718.4	38039.8	53285	0	74
2024.05.02	38039.8	38551.2	37896.3	38471.7	54327	0	74
2024.05.03	38471.1	38815.1	38444.4	38687.5	42178	0	74
2024.05.05	38788.0	38791.9	38747.3	38749.3	1037	0	79
2024.05.06	38751.7	38904.7	38711.4	38879.8	25708	0	74
2024.05.07	38879.2	39008.7	38861.4	38905.7	28111	0	75
2024.05.08	38906.7	39121.7	38824.0	39073.2	29512	0	74
2024.05.09	39073.8	39480.6	38966.0	39465.7	30606	0	74
2024.05.10	39465.2	39599.8	39414.4	39518.7	28549	0	75
2024.05.12	39524.4	39535.5	39478.6	39532.0	772	0	83
2024.05.13	39532.6	39680.6	39419.4	39474.9	26382	0	75
2024.05.14	39474.8	39642.6	39312.1	39598.2	33000	0	74
2024.05.15	39597.4	39969.5	39560.0	39961.2	30369	0	75
2024.05.16	39961.7	40068.8	39856.2	39899.7	31047	0	75
2024.05.17	39900.5	40024.6	39838.9	40024.6	25341	0	75
2024.05.19	40049.3	40077.5	40047.3	40073.7	868	0	81
2024.05.20	40073.7	40107.8	39814.2	39825.2	25850	0	75
2024.05.21	39825.2	39935.6	39810.3	39924.8	24827	0	74
2024.05.22	39924.8	39938.7	39580.3	39652.2	34335	0	75
2024.05.23	39652.7	39795.6	39029.3	39063.1	44895	0	75
2024.05.24	39062.4	39236.7	39024.6	39080.6	30264	0	75
2024.05.26	39106.1	39114.6	39057.3	39066.7	719	0	82
2024.05.27	39067.6	39184.6	39044.3	39135.5	10204	0	76
2024.05.28	39135.6	39172.7	38745.5	38842.6	36522	0	73
2024.05.29	38843.6	38855.7	38185.3	38216.8	40246	0	75
2024.05.30	38216.9	38259.8	38057.4	38125.3	44628	0	73
2024.05.31	38125.9	38764.6	38087.9	38740.1	46594	0	74
2024.06.02	38784.0	38815.4	38729.0	38802.6	1934	0	80
2024.06.03	38802.1	38877.6	38295.4	38606.8	50889	0	75
2024.06.04	38606.9	38843.7	38390.4	38822.8	46903	0	75
2024.06.05	38823.7	38908.7	38606.4	38880.8	34777	0	74
2024.06.06	38880.2	39070.8	38787.5	38962.8	38305	0	73
2024.06.07	38963.7	39158.7	38697.6	38845.4	46092	0	74
2024.06.09	38835.2	38893.2	38819.0	38850.2	1091	0	84
2024.06.10	38850.5	38941.7	38717.2	38879.3	37819	0	74
2024.06.11	38878.3	38936.2	38488.4	38785.2	42296	0	73
2024.06.12	38784.3	39202.9	38669.3	38751.2	53956	0	75
2024.06.13	38750.3	38779.0	38455.5	38670.9	42860	0	74
2024.06.14	38670.4	38695.9	38328.9	38636.8	45326	0	73
2024.06.16	38618.7	38634.5	38603.5	38616.2	855	0	79
2024.06.17	38617.7	38927.6	38477.6	38917.7	43212	0	72
2024.06.18	38917.1	39018.0	38801.9	38923.7	37973	0	74
2024.06.19	38923.1	38927.7	38836.8	38862.9	10908	0	74
2024.06.20	38862.0	39327.9	38843.5	39228.2	43272	0	73
2024.06.21	39228.7	39332.7	39125.2	39223.4	41218	0	75
2024.06.23	39256.1	39260.7	39237.0	39238.0	390	0	84
2024.06.24	39238.0	39662.8	39128.0	39549.7	41400	0	75
2024.06.25	39549.1	39597.7	39064.5	39154.1	39634	0	72
2024.06.26	39154.7	39261.8	38982.9	39127.7	37940	0	73
2024.06.27	39127.2	39329.4	39071.8	39210.1	38570	0	75
2024.06.28	39211.0	39507.9	38974.9	39165.9	44249	0	75
2024.06.30	39218.7	39236.6	39193.7	39199.1	1341	0	79
2024.07.01	39200.0	39510.2	39092.9	39192.2	41284	0	75
2024.07.02	39191.8	39407.1	39051.6	39368.2	35110	0	75
2024.07.03	39369.1	39483.6	39288.9	39385.5	26841	0	74
2024.07.04	39386.0	39505.8	39348.9	39366.6	9843	0	75
2024.07.05	39367.2	39446.4	39204.7	39430.2	31490	0	75
2024.07.07	39384.8	39402.7	39362.4	39364.8	758	0	80
2024.07.08	39364.7	39737.0	39326.0	39446.3	32317	0	74
2024.07.09	39445.8	39552.0	39185.9	39322.7	31650	0	75
2024.07.10	39323.3	39799.2	39293.9	39760.7	33985	0	74
2024.07.11	39760.7	39938.2	39677.6	39861.0	47085	0	75
2024.07.12	39859.7	40316.2	39762.8	40062.0	37964	0	76
2024.07.14	40161.0	40161.0	40102.5	40129.1	1623	0	83
2024.07.15	40128.5	40414.2	40106.6	40346.8	43313	0	76
2024.07.16	40348.1	41063.1	40228.3	41033.6	42408	0	75
2024.07.17	41035.0	41338.8	40868.7	41333.9	53738	0	78
2024.07.18	41332.5	41446.0	40659.8	40764.5	60000	0	79
2024.07.19	40762.9	40778.9	40242.9	40337.8	57960	0	78
2024.07.21	40365.5	40437.2	40345.9	40436.5	1996	0	82
2024.07.22	40437.1	40528.1	40271.9	40466.8	51400	0	76
2024.07.23	40465.8	40584.0	40307.1	40318.5	44902	0	78
2024.07.24	40319.8	40362.1	39849.7	39995.2	51962	0	77
2024.07.25	39994.7	40478.0	39855.9	40077.0	65944	0	78
2024.07.26	40075.6	40793.5	40069.6	40628.8	52854	0	79
2024.07.28	40697.2	40760.6	40684.5	40745.5	1531	0	87
2024.07.29	40745.9	40872.4	40429.5	40517.5	55130	0	76
2024.07.30	40517.4	40924.7	40476.7	40631.5	63967	0	77
2024.07.31	40629.7	41256.3	40602.7	40967.4	64742	0	78
2024.08.01	40968.8	41142.7	40126.0	40246.7	85582	0	75
2024.08.02	40245.5	40268.7	39367.6	39716.5	83950	0	77
2024.08.04	39426.7	39613.6	39426.7	39511.6	3609	0	87
2024.08.05	39509.5	39546.6	38408.8	38976.5	135324	0	80
2024.08.06	38978.2	39474.9	38638.4	38933.8	99252	0	80
2024.08.07	38934.0	39498.6	38578.2	38690.8	79992	0	80
2024.08.08	38692.7	39550.7	38616.1	39513.0	82253	0	76
2024.08.09	39511.8	39648.7	39235.8	39512.8	63797	0	76
2024.08.11	39517.8	39552.7	39431.2	39508.2	2485	0	87
2024.08.12	39508.8	39634.8	39263.0	39405.0	53799	0	75
2024.08.13	39407.3	39826.1	39247.5	39783.8	50110	0	76
2024.08.14	39784.2	40100.1	39695.3	40041.0	66265	0	77
2024.08.15	40041.8	40649.6	40025.8	40633.4	54382	0	77
2024.08.16	40634.0	40749.3	40441.2	40687.9	38202	0	77
2024.08.18	40726.2	40763.6	40709.0	40746.8	1561	0	84
2024.08.19	40747.7	40948.7	40643.5	40916.7	32910	0	77
2024.08.20	40917.7	40992.9	40784.9	40893.8	33609	0	77
2024.08.21	40893.4	41011.0	40765.7	40954.4	38168	0	77
2024.08.22	40953.6	41084.5	40607.9	40812.8	43978	0	77
2024.08.23	40813.8	41235.8	40795.8	41185.5	47441	0	78
2024.08.25	41198.0	41267.8	41173.9	41192.8	1926	0	75
2024.08.26	41193.4	41464.4	41172.3	41254.8	47923	0	69
2024.08.27	41256.3	41331.3	41123.4	41278.9	43836	0	69
2024.08.28	41278.0	41402.2	40872.1	41129.0	58341	0	70
2024.08.29	41130.3	41631.3	41123.0	41370.5	69167	0	70
2024.08.30	41371.0	41608.8	41166.6	41570.5	54169	0	71
2024.09.01	41586.7	41607.1	41579.3	41586.3	897	0	77
2024.09.02	41585.5	41614.8	41468.0	41544.9	12332	0	69
2024.09.03	41545.8	41579.6	40823.5	40961.7	70868	0	70
2024.09.04	40963.6	41224.6	40816.7	40987.9	68154	0	70
2024.09.05	40986.4	41143.7	40568.6	40858.3	72203	0	70
2024.09.06	40856.5	41065.9	40331.8	40395.4	100849	0	69
2024.09.08	40354.5	40418.6	40331.7	40403.7	2640	0	77
2024.09.09	40403.9	41068.0	40402.5	40883.5	67256	0	71
2024.09.10	40883.5	40991.1	40467.7	40778.4	66851	0	72
2024.09.11	40779.0	40960.9	40045.6	40896.4	91033	0	71
2024.09.12	40897.0	41207.8	40717.5	41190.5	61292	0	71
2024.09.13	41191.8	41587.0	41160.2	41448.5	62991	0	70
2024.09.15	41428.8	41491.8	41419.4	41490.3	1163	0	76
2024.09.16	41490.3	41807.8	41419.7	41668.8	47089	0	72
2024.09.17	41667.5	41900.9	41524.4	41710.9	62299	0	71
2024.09.18	41710.9	42058.8	41500.3	41759.3	76658	0	72
2024.09.19	41760.5	42237.8	41629.4	42099.8	75058	0	72
2024.09.20	42100.2	42195.8	41912.6	42103.8	52480	0	72
2024.09.22	42125.1	42136.4	42071.1	42134.4	913	0	82
2024.09.23	42135.4	42235.3	41994.0	42141.4	46392	0	72
2024.09.24	42140.4	42337.6	42092.6	42231.7	44397	0	72
2024.09.25	42231.7	42366.0	41894.9	41980.4	45827	0	72
2024.09.26	41979.5	42296.6	41979.4	42248.1	45753	0	72
2024.09.27	42249.6	42703.8	42189.5	42352.4	43784	0	72
2024.09.29	42342.3	42423.3	42301.2	42407.4	1402	0	83
2024.09.30	42408.3	42431.4	41964.5	42320.2	50937	0	73
2024.10.01	42319.2	42378.7	41975.4	42110.2	68911	0	73
2024.10.02	42110.4	42306.8	42010.5	42274.4	52414	0	73
2024.10.03	42272.0	42272.7	41874.6	42023.7	59650	0	73
2024.10.04	42024.6	42390.9	41978.3	42370.7	50120	0	73
2024.10.06	42400.2	42448.3	42396.6	42417.9	1681	0	26
2024.10.07	42417.0	42436.3	41842.0	41974.0	67709	0	24
2024.10.08	41976.7	42177.3	41912.0	42117.1	54082	0	24
2024.10.09	42117.5	42620.2	42011.5	42581.9	49893	0	24
2024.10.10	42583.3	42602.5	42346.1	42555.0	54912	0	24
2024.10.11	42555.5	42942.3	42432.2	42908.4	43870	0	24
2024.10.13	42891.8	42933.1	42872.8	42904.0	1141	0	27
2024.10.14	42903.1	43215.7	42768.1	43204.3	37459	0	24
2024.10.15	43205.3	43233.5	42755.1	42798.9	60412	0	24
2024.10.16	42800.3	43162.2	42731.0	43102.3	44541	0	24
2024.10.17	43101.9	43349.3	43054.1	43315.1	54391	0	24
2024.10.18	43316.3	43380.3	43086.1	43319.1	41285	0	24
2024.10.20	43360.2	43382.3	43353.9	43376.1	1047	0	26
2024.10.21	43376.5	43386.5	42921.8	42967.0	48648	0	24
2024.10.22	42967.5	43098.3	42761.2	42877.5	52682	0	24
2024.10.23	42876.9	42884.9	42333.2	42496.0	57260	0	24
2024.10.24	42496.0	42572.5	42236.1	42446.8	52634	0	24
2024.10.25	42448.3	42642.3	42077.2	42152.3	52583	0	23
2024.10.27	42244.7	42337.1	42244.5	42297.0	2365	0	25
2024.10.28	42296.1	42538.5	42251.6	42441.1	55428	0	24
2024.10.29	42441.5	42550.3	42215.1	42344.4	60196	0	23
2024.10.30	42343.1	42519.3	42148.8	42192.5	67331	0	24
2024.10.31	42191.1	42222.5	41739.2	41816.1	77927	0	23
2024.11.01	41816.6	42367.2	41766.2	42072.3	65819	0	23
2024.11.03	42027.2	42036.4	41956.5	41974.5	2460	0	26
2024.11.04	41975.3	42168.0	41684.1	41852.9	68544	0	24
2024.11.05	41852.0	42368.2	41815.1	42331.8	60109	0	24
2024.11.06	42330.9	43867.8	42328.0	43816.5	120765	0	26
2024.11.07	43816.4	43928.3	43716.0	43858.4	60758	0	25
2024.11.08	43857.9	44214.2	43768.1	44059.3	47320	0	24
2024.11.10	44104.8	44120.3	44068.5	44118.7	972	0	28
2024.11.11	44117.9	44549.3	44077.9	44328.3	44194	0	25
2024.11.12	44327.9	44475.1	43940.1	43983.0	52716	0	25
2024.11.13	43983.5	44206.3	43825.0	44076.4	62045	0	25
2024.11.14	44076.4	44188.7	43748.1	43781.0	65587	0	25
2024.11.15	43780.1	43780.3	43406.1	43494.2	70803	0	24
2024.11.17	43510.2	43512.2	43442.0	43483.5	1501	0	26
2024.11.18	43484.3	43584.9	43321.8	43445.4	52882	0	25
2024.11.19	43444.9	43556.3	42926.6	43397.3	76505	0	24
2024.11.20	43398.2	43525.6	43121.1	43498.2	71077	0	24
2024.11.21	43499.2	44091.9	43325.3	43916.9	87347	0	25
2024.11.22	43916.0	44386.2	43770.6	44340.0	71674	0	24
2024.11.24	44513.6	44600.6	44513.6	44571.6	1089	0	30
2024.11.25	44570.8	44885.2	44569.7	44702.1	60214	0	24
2024.11.26	44700.9	44970.2	44502.1	44949.0	61559	0	25
2024.11.27	44950.2	45086.1	44756.1	44848.8	46536	0	25
2024.11.28	44850.2	44946.4	44796.1	44928.0	13765	0	24
2024.11.29	44929.3	45149.3	44833.1	45031.0	33655	0	24
2024.12.01	45011.4	45029.1	44972.0	44981.4	1279	0	28
2024.12.02	44982.2	45101.1	44785.0	44856.9	43110	0	25
2024.12.03	44858.9	44958.7	44655.0	44900.9	39928	0	25
2024.12.04	44900.0	45153.9	44853.1	45077.4	46024	0	24
2024.12.05	45076.9	45140.3	44801.0	44845.9	44439	0	24
2024.12.06	44847.2	44977.1	44655.9	44693.1	39918	0	25
2024.12.08	44693.9	44740.5	44681.1	44729.3	717	0	82
2024.12.09	44728.3	44808.4	44451.7	44466.8	102727	0	25
2024.12.10	44466.0	44553.4	44263.0	44360.8	103166	0	25
2024.12.11	44360.0	44451.0	44175.1	44181.9	97558	0	25
2024.12.12	44181.1	44288.3	43941.8	43964.4	119895	0	24
2024.12.13	43965.3	44119.7	43885.0	43938.5	104018	0	24
2024.12.15	43941.2	43981.9	43933.3	43968.3	1453	0	25
2024.12.16	43968.5	44099.0	43813.0	43836.5	85278	0	24
2024.12.17	43836.0	43896.5	43491.4	43611.5	136811	0	24
2024.12.18	43610.9	43852.5	42298.0	42480.4	251275	0	24
2024.12.19	42481.3	42912.3	42442.8	42445.8	331291	0	24
2024.12.20	42446.3	43341.3	42175.8	42975.1	279610	0	25
2024.12.22	43055.7	43172.0	43053.2	43120.2	3464	0	27
2024.12.23	43121.2	43163.4	42621.0	43024.4	202457	0	24
2024.12.24	43025.3	43359.3	42941.9	43338.8	82735	0	24
2024.12.25	43351.0	43373.2	43287.0	43327.9	1536	0	28
2024.12.26	43327.0	43454.5	43138.0	43423.4	105809	0	25
2024.12.27	43424.2	43424.2	42791.0	43060.1	251725	0	24
2024.12.29	43076.2	43112.3	42996.8	43039.8	2318	0	26
2024.12.30	43040.3	43049.2	42318.0	42659.4	256622	0	24
2024.12.31	42660.3	42841.5	42463.9	42613.4	214266	0	24
2025.01.01	42681.1	42737.6	42578.8	42617.9	2820	0	28
2025.01.02	42618.4	42998.2	42214.9	42429.0	290405	0	25
2025.01.03	42428.0	42828.4	42419.9	42765.4	129459	0	24
2025.01.05	42805.4	42805.4	42748.8	42775.3	1962	0	27
2025.01.06	42774.8	43165.4	42643.9	42765.1	188406	0	24
2025.01.07	42765.5	42974.4	42415.1	42579.9	229565	0	24
2025.01.08	42580.4	42708.4	42361.9	42615.4	190340	0	24
2025.01.09	42614.9	42680.5	42479.0	42512.4	35397	0	25
2025.01.10	42513.2	42679.4	41883.1	41937.9	250081	0	24
2025.01.12	42003.9	42037.1	41897.8	41966.7	3343	0	28
2025.01.13	41965.2	42452.3	41757.6	42406.0	236880	0	24
2025.01.14	42406.4	42621.2	42169.1	42601.4	217302	0	24
2025.01.15	42600.9	43371.3	42556.0	43314.2	151448	0	24
2025.01.16	43315.2	43378.8	43095.0	43180.8	186722	0	25
2025.01.17	43180.0	43681.5	43162.9	43507.1	139432	0	24
2025.01.19	43533.6	43551.3	43456.0	43481.4	2418	0	27
2025.01.20	43480.9	43830.3	43463.5	43784.2	51766	0	24
2025.01.21	43783.7	44101.2	43323.6	44077.9	151856	0	25
2025.01.22	44077.0	44244.4	44051.1	44174.4	80538	0	25
2025.01.23	44175.3	44590.4	44146.1	44566.9	85419	0	24
2025.01.24	44567.4	44607.4	44357.7	44435.9	94067	0	25
2025.01.26	44290.1	44407.1	44275.5	44366.4	3771	0	28
2025.01.27	44365.8	44781.6	43859.4	44728.2	261133	0	25
2025.01.28	44727.7	45014.4	44598.0	44850.2	137283	0	25
2025.01.29	44851.2	45003.2	44612.0	44797.8	183103	0	26
2025.01.30	44798.3	45058.2	44649.7	44981.2	142324	0	25
2025.01.31	44982.2	45101.4	44532.0	44570.1	190135	0	25
2025.02.02	44214.6	44214.6	43945.7	44076.0	12643	0	30
2025.02.03	44075.5	44719.0	43858.0	44639.8	302852	0	26
2025.02.04	44638.9	44640.2	44245.6	44549.2	183077	0	25
2025.02.05	44548.8	44954.2	44372.0	44950.8	129383	0	25
2025.02.06	44951.3	45087.5	44569.9	44760.3	129849	0	25
2025.02.07	44759.8	44874.4	44300.9	44328.5	223389	0	25
2025.02.09	44099.1	44403.1	44089.6	44388.2	5585	0	28
2025.02.10	44387.7	44655.4	44328.1	44443.0	112170	0	25
2025.02.11	44443.4	44672.5	44319.5	44638.2	115840	0	25
2025.02.12	44637.8	44663.4	44118.9	44467.9	190121	0	25
2025.02.13	44467.0	44808.4	44292.5	44742.2	161762	0	25
2025.02.14	44743.2	44789.2	44501.1	44548.3	96875	0	25
2025.02.16	44598.4	44598.4	44532.7	44569.3	1406	0	28
2025.02.17	44568.8	44687.1	44549.9	44642.2	16107	0	25
2025.02.18	44641.7	44679.3	44334.9	44586.8	121437	0	25
2025.02.19	44586.0	44654.5	44327.1	44597.9	108450	0	25
2025.02.20	44597.0	44616.5	43964.1	44222.9	155682	0	25
2025.02.21	44222.0	44268.4	43358.1	43437.4	225068	0	24
2025.02.23	43477.3	43579.4	43467.3	43568.5	2907	0	26
2025.02.24	43569.3	43781.4	43376.0	43522.4	242066	0	24
2025.02.25	43523.3	43808.2	43311.1	43740.3	312059	0	25
2025.02.26	43739.8	43904.5	43303.4	43433.8	290294	0	24
2025.02.27	43432.9	43936.1	43261.1	43294.8	377463	0	24
2025.02.28	43294.0	43897.4	43121.0	43844.5	346753	0	25
2025.03.02	43839.2	43937.3	43822.6	43899.4	5830	0	26
2025.03.03	43898.9	44084.3	42953.9	43265.2	390496	0	24
2025.03.04	43266.2	43330.2	42395.1	42840.8	467988	0	24
2025.03.05	42841.3	43176.5	42455.0	43040.9	450813	0	24
2025.03.06	43040.0	43085.5	42414.2	42676.0	414115	0	24
2025.03.07	42676.4	42943.5	42206.9	42867.3	471388	0	25
2025.03.09	42693.9	42699.8	42428.7	42597.8	18748	0	27
2025.03.10	42597.0	42705.3	41668.9	41972.1	463918	0	24
2025.03.11	41971.8	42134.3	41226.5	41574.5	584623	0	24
2025.03.12	41574.0	42034.0	41062.9	41489.1	392141	0	24
2025.03.13	41488.1	41505.4	40709.3	41001.3	409777	0	24
2025.03.14	41002.3	41560.9	40954.6	41498.3	316288	0	23
2025.03.16	41452.3	41473.8	41302.0	41338.5	10394	0	25
2025.03.17	41337.9	42063.8	41268.1	41905.5	232771	0	24
2025.03.18	41904.9	41923.1	41446.5	41654.3	264703	0	24
2025.03.19	41654.4	42228.2	41550.0	42098.9	222236	0	24
2025.03.20	42099.4	42291.5	41719.1	41978.7	254272	0	24
2025.03.21	41978.0	42031.1	41442.9	41996.9	233956	0	24
2025.03.23	42194.7	42260.4	42170.9	42228.8	4522	0	26
2025.03.24	42229.4	42674.4	42212.9	42588.5	132821	0	24
2025.03.25	42589.3	42734.4	42477.0	42636.9	133730	0	24
2025.03.26	42636.0	42859.0	42287.3	42406.9	200760	0	24
2025.03.27	42406.1	42596.5	42188.6	42316.9	262154	0	24
2025.03.28	42317.5	42396.5	41542.2	41584.1	253951	0	23
2025.03.30	41358.0	41461.5	41306.9	41461.5	8630	0	25
2025.03.31	41460.9	42169.3	41176.2	41941.8	303122	0	24
2025.04.01	41941.0	42170.7	41529.1	42059.0	388596	0	24
2025.04.02	42059.5	42591.9	41067.6	41244.0	437470	0	24
2025.04.03	41243.0	41504.2	40358.8	40434.3	535153	0	24
2025.04.04	40435.3	40508.5	38245.1	38319.4	925039	0	23
2025.04.06	37084.1	37213.8	36493.3	36974.0	38615	0	31
2025.04.07	36974.9	39224.8	36617.1	38466.7	803351	0	25
2025.04.08	38465.8	39447.3	37088.6	37289.5	760729	0	23
2025.04.09	37288.1	40935.1	36699.7	40895.7	773319	0	24
2025.04.10	40894.8	40921.1	38429.8	39436.4	986541	0	24
2025.04.11	39434.8	40415.4	39020.6	40207.6	782893	0	25
2025.04.13	40549.4	40656.0	40266.9	40380.0	21788	0	26
2025.04.14	40380.4	40803.1	39837.3	40443.8	458179	0	25
2025.04.15	40442.9	40820.2	40149.8	40242.5	335707	0	24
2025.04.16	40241.9	40529.2	39406.9	39689.2	406663	0	24
2025.04.17	39688.7	40116.3	38956.1	39234.6	414224	0	24
2025.04.20	39010.7	39085.2	38915.6	38996.2	4739	0	27
2025.04.21	38995.7	39050.3	37837.0	38285.8	245901	0	22
2025.04.22	38286.5	39905.8	38265.9	39792.3	312910	0	23
2025.04.23	39793.8	40399.2	39474.6	39591.8	402880	0	24
2025.04.24	39592.4	40256.8	39257.9	40087.5	240186	0	24
2025.04.25	40086.9	40230.2	39714.0	40104.0	299801	0	23
2025.04.27	40073.8	40080.0	39986.5	39995.8	5490	0	26
2025.04.28	39996.3	40433.5	39881.9	40266.9	240261	0	23
2025.04.29	40267.5	40647.5	40198.9	40530.4	259667	0	24
2025.04.30	40529.9	40846.0	39746.0	40806.0	352251	0	24
2025.05.01	40806.5	41100.5	40614.0	40712.9	264694	0	24
2025.05.02	40713.4	41388.5	40691.1	41301.5	246093	0	24
2025.05.04	41292.4	41293.7	41081.2	41129.9	7735	0	25
2025.05.05	41130.4	41451.3	41000.5	41212.5	170849	0	24
2025.05.06	41211.9	41244.4	40666.5	41105.3	234141	0	24
2025.05.07	41104.8	41281.0	40817.9	41076.9	300732	0	24
2025.05.08	41078.2	41785.4	41044.9	41319.5	248969	0	23
2025.05.09	41318.9	41524.7	41134.1	41228.0	211402	0	24
2025.05.11	41742.3	41806.4	41605.1	41658.9	12362	0	25
2025.05.12	41657.3	42491.2	41644.0	42373.9	248705	0	24
2025.05.13	42374.5	42397.3	42126.4	42191.5	180501	0	24
2025.05.14	42190.9	42271.4	41831.0	41862.3	181660	0	24
2025.05.15	41861.8	42386.7	41775.5	42332.5	196479	0	24
2025.05.16	42333.4	42674.5	42244.1	42399.1	132369	0	24
2025.05.18	42334.7	42447.0	42305.0	42398.3	5639	0	26
2025.05.19	42399.3	42907.8	42258.0	42871.5	170942	0	24
2025.05.20	42870.2	42890.4	42502.9	42664.9	145438	0	24
2025.05.21	42667.0	42680.3	41779.0	41858.5	279147	0	24
2025.05.22	41857.9	42124.3	41641.6	41894.9	232900	0	24
2025.05.23	41895.4	41975.4	41181.8	41575.7	304290	0	24
2025.05.25	41620.6	42008.6	41610.4	41924.4	8789	0	26
2025.05.26	41923.9	42136.6	41899.9	42024.9	43865	0	25
2025.05.27	42025.4	42449.4	41909.9	42414.9	134934	0	24
2025.05.28	42414.1	42682.3	42075.0	42635.8	173757	0	24
2025.05.29	42636.4	42752.2	41853.0	42157.5	250090	0	24
2025.05.30	42156.9	42405.5	41922.9	42229.2	248498	0	24
2025.06.01	42149.8	42208.1	42116.9	42153.3	4656	0	26
2025.06.02	42152.8	42385.2	41873.0	42261.0	188468	0	24
2025.06.03	42261.5	42616.3	42087.0	42599.5	129113	0	24
2025.06.04	42598.9	42689.3	42426.1	42435.5	132219	0	24
2025.06.05	42436.3	42711.3	42238.3	42407.5	231608	0	24
2025.06.06	42406.9	42956.4	42406.0	42810.3	162924	0	24
2025.06.08	42832.0	42864.9	42744.9	42787.9	5258	0	26
2025.06.09	42788.4	42929.5	42591.1	42804.6	107214	0	24
2025.06.10	42803.9	42959.5	42665.0	42882.8	139934	0	24
2025.06.11	42882.0	43152.5	42747.9	42844.2	206953	0	25
2025.06.12	42846.0	43003.9	42590.9	42779.4	153398	0	24
2025.06.13	42780.2	42786.9	42087.9	42214.6	325804	0	23
2025.06.15	41956.9	42249.2	41925.3	42234.5	13665	0	25
2025.06.16	42234.0	42749.3	42207.1	42315.4	156635	0	24
2025.06.17	42316.3	42580.4	42116.1	42150.8	199957	0	25
2025.06.18	42151.4	42549.4	42138.9	42195.9	196062	0	25
2025.06.19	42195.0	42200.3	41778.9	42054.6	73291	0	25
2025.06.20	42053.2	42457.3	41997.8	42271.0	202520	0	24
2025.06.22	41894.3	42168.2	41857.9	42101.9	11352	0	26
2025.06.23	42101.0	42824.2	41999.0	42798.9	213047	0	25
2025.06.24	42799.4	43225.5	42757.6	43129.4	128441	0	25
2025.06.25	43131.0	43180.3	42887.9	43031.8	102791	0	24
2025.06.26	43031.0	43538.4	43006.9	43485.9	90339	0	25
2025.06.27	43487.1	44006.1	43470.1	43975.4	127285	0	25
2025.06.29	43961.5	44091.3	43961.5	44043.8	4282	0	27
2025.06.30	44044.4	44175.2	43921.6	44118.4	109061	0	25
2025.07.01	44119.9	44655.5	44023.9	44562.9	144186	0	25
2025.07.02	44564.1	44703.3	44384.0	44543.0	109113	0	25
2025.07.03	44543.4	44905.4	44481.9	44772.7	71415	0	25
2025.07.04	44771.9	44788.3	44523.9	44584.6	34233	0	26
2025.07.06	44742.5	44805.9	44690.2	44714.8	4220	0	27
2025.07.07	44715.4	44883.8	44181.9	44359.4	158394	0	25
2025.07.08	44358.8	44474.5	44230.9	44250.4	131155	0	25
2025.07.09	44249.8	44595.2	44187.0	44466.9	115269	0	25
2025.07.10	44467.4	44805.4	44332.4	44708.9	92557	0	25
2025.07.11	44709.4	44709.4	44281.1	44345.1	147952	0	25
2025.07.13	44223.5	44243.9	44130.1	44221.2	5660	0	27
2025.07.14	44222.2	44492.4	44110.8	44439.9	106375	0	25
2025.07.15	44440.4	44620.3	43918.7	43968.0	163602	0	25
2025.07.16	43968.4	44280.4	43773.8	44194.1	165502	0	25
2025.07.17	44195.3	44618.2	44157.1	44611.4	114061	0	25
2025.07.18	44610.9	44665.4	44219.3	44336.5	107361	0	25
2025.07.20	44338.7	44412.2	44304.5	44411.2	1865	0	27
2025.07.21	44410.8	44632.1	44336.0	44409.8	88707	0	25
2025.07.22	44408.3	44675.3	44239.4	44655.0	128521	0	25
2025.07.23	44655.4	45057.9	44570.9	44934.3	121687	0	25
2025.07.24	44933.8	44955.8	44686.7	44800.0	120716	0	25
2025.07.25	44800.4	44952.7	44646.9	44910.0	87259	0	25
2025.07.27	45083.9	45130.8	45059.8	45070.8	2590	0	28
2025.07.28	45071.4	45151.3	44753.9	44870.2	89279	0	25
2025.07.29	44871.2	44971.2	44582.9	44650.9	99613	0	25
2025.07.30	44650.0	44766.3	44277.2	44563.8	148272	0	25
2025.07.31	44564.4	44715.3	44071.8	44133.8	214793	0	25
2025.08.01	44133.0	44178.2	43335.9	43591.5	308198	0	25
2025.08.03	43549.6	43642.2	43519.6	43626.2	6893	0	27
2025.08.04	43627.2	44303.0	43618.0	44241.9	147732	0	25
2025.08.05	44241.0	44329.3	43936.9	44125.8	190259	0	25
2025.08.06	44124.3	44384.8	44025.9	44243.9	160266	0	25
2025.08.07	44244.4	44522.0	43801.4	44046.0	211374	0	25
2025.08.08	44046.4	44285.2	43983.1	44243.8	127098	0	25
2025.08.10	44257.2	44280.1	44209.0	44227.4	2797	0	27
2025.08.11	44226.0	44327.3	43918.9	43981.3	126262	0	25
2025.08.12	43980.8	44519.2	43961.8	44499.8	147646	0	25
2025.08.13	44498.9	44991.8	44426.9	44958.3	128210	0	25
2025.08.14	44959.3	45113.1	44706.6	45083.0	149248	0	25
2025.08.15	45083.4	45295.3	44908.9	44940.0	140523	0	25
2025.08.17	44972.3	45051.2	44969.8	45037.8	1907	0	28
2025.08.18	45037.0	45058.4	44841.5	44955.8	115655	0	25
2025.08.19	44956.4	45238.3	44783.8	44954.2	142614	0	25
2025.08.20	44955.1	45069.2	44779.9	44925.5	210304	0	25
2025.08.21	44926.3	44975.4	44593.1	44867.1	165567	0	25
2025.08.22	44866.1	45785.3	44688.9	45670.0	199407	0	25
2025.08.24	45694.6	45705.8	45657.5	45674.8	3912	0	18
2025.08.25	45675.7	45690.9	45292.4	45354.3	114362	0	10
2025.08.26	45353.5	45493.0	45134.4	45463.5	173386	0	10
2025.08.27	45464.0	45660.4	45407.6	45591.3	124029	0	10
2025.08.28	45590.5	45770.4	45470.7	45606.3	157324	0	10
2025.08.29	45606.9	45644.3	45386.6	45596.8	181651	0	10
2025.08.31	45644.1	45710.7	45607.6	45688.3	2821	0	18
2025.09.01	45688.9	45729.1	45509.6	45546.6	47390	0	10
2025.09.02	45546.9	45601.7	44971.7	45243.9	302325	0	10
2025.09.03	45243.4	45356.8	45008.7	45204.5	223534	0	10
2025.09.04	45203.6	45691.7	45196.4	45668.5	147836	0	10
2025.09.05	45669.0	45805.4	45227.7	45436.7	314629	0	10
2025.09.07	45455.4	45551.8	45398.7	45537.5	5638	0	18
2025.09.08	45538.0	45616.8	45315.7	45616.3	158030	0	10
